#term ID	term description	observed gene count	background gene count	strength	false discovery rate	matching proteins in your network (IDs)	matching proteins in your network (labels)
HSA-381119	Unfolded Protein Response (UPR)	4	6	1.91	3.01e-05	9606.ENSP00000296953,9606.ENSP00000329140,9606.ENSP00000342136,9606.ENSP00000481956	CREBRF,CREB3L2,CREB3,CREB3L1
HSA-112382	Formation of RNA Pol II elongation complex	6	59	1.09	0.00026	9606.ENSP00000225504,9606.ENSP00000256443,9606.ENSP00000278412,9606.ENSP00000328901,9606.ENSP00000356405,9606.ENSP00000369695	SUPT4H1,CDK7,SSRP1,GTF2H2,CDC73,MLLT3
HSA-73980	RNA Polymerase III Transcription Termination	3	5	1.86	0.00033	9606.ENSP00000360231,9606.ENSP00000370340,9606.ENSP00000380781	NFIA,NFIB,NFIX
HSA-1257604	PIP3 activates AKT signaling	7	118	0.86	0.00056	9606.ENSP00000264110,9606.ENSP00000302967,9606.ENSP00000353463,9606.ENSP00000357644,9606.ENSP00000360266,9606.ENSP00000363377,9606.ENSP00000440864	ATF2,HDAC3,GATAD2A,GATAD2B,JUN,FOXO4,NR4A1
HSA-212436	Generic Transcription Pathway	14	485	0.54	0.00056	9606.ENSP00000263620,9606.ENSP00000265773,9606.ENSP00000268154,9606.ENSP00000269394,9606.ENSP00000304169,9606.ENSP00000317992,9606.ENSP00000344479,9606.ENSP00000356234,9606.ENSP00000368924,9606.ENSP00000379441,9606.ENSP00000380136,9606.ENSP00000384367,9606.ENSP00000403902,9606.ENSP00000409463	ARID3A,SMARCA2,ZNF710,ZNF750,PITX2,NOC2L,NR4A2,KDM5B,TFAP2A,JMY,KAT6A,KCTD1,PPP1R13L,ZNF740
HSA-380994	ATF4 activates genes	3	19	1.28	0.0042	9606.ENSP00000336790,9606.ENSP00000356919,9606.ENSP00000448665	ATF4,ATF6,DDIT3
HSA-1234158	Regulation of gene expression by Hypoxia-inducible Factor	2	10	1.38	0.0204	9606.ENSP00000351407,9606.ENSP00000366898	ARNT,HIF3A
HSA-212165	Epigenetic regulation of gene expression	3	45	0.91	0.0305	9606.ENSP00000212015,9606.ENSP00000381840,9606.ENSP00000479617	SIRT1,AEBP2,UHRF1
HSA-3214842	HDMs demethylate histones	2	15	1.21	0.0318	9606.ENSP00000364550,9606.ENSP00000432786	KDM5C,KDM2A
