sample	threshold
RVG11	2.31486
RVG1	2.37101
RVG4	2.42832
