sample	threshold
RVG11	1.13254
RVG1	1.43315
RVG4	1.36452
